{"timestamp": 1560068366934, "difficulty":"0x0","gasLimit":2356194,"throughput":[[4,4],[8,7.95],[16,15.516666666666667],[32,29.733333333333334],[64,37.916666666666664],[128,36.916666666666664],[256,1.1333333333333333]],"generalLatency":[[4,26.075420833333332],[8,27.067425576519916],[16,35.72221911922664],[32,69.05575280269058],[64,96.83245978021978],[128,105.03705688487585],[256,113.3119705882353]],"txCompeltion":[[[4,0,1],[4,2,1],[4,4,1],[4,6,1],[4,8,1],[4,10,1],[4,12,1],[4,14,1],[4,16,1],[4,18,1],[4,20,1]],[[8,0,1],[8,2,1],[8,4,1],[8,6,1],[8,8,0.9655172413793104],[8,10,1],[8,12,1],[8,14,1],[8,16,1],[8,18,0.9615384615384616],[8,20,1]],[[16,0,1],[16,2,0.9565217391304348],[16,4,1],[16,6,0.961038961038961],[16,8,0.9770114942528736],[16,10,0.9775280898876404],[16,12,0.9497206703910615],[16,14,0.9714285714285714],[16,16,0.9680851063829787],[16,18,1],[16,20,0.9230769230769231]],[[32,0,1],[32,2,0.88],[32,4,0.9166666666666666],[32,6,0.936046511627907],[32,8,0.9360902255639098],[32,10,0.9196675900277008],[32,12,0.9236842105263158],[32,14,0.9322033898305084],[32,16,0.9456521739130435],[32,18,0.8969072164948454],[32,20,0.9791666666666666]],[[64,0,0.42857142857142855],[64,2,0.4838709677419355],[64,4,0.6022099447513812],[64,6,0.6044568245125348],[64,8,0.5800711743772242],[64,10,0.6019417475728155],[64,12,0.6],[64,14,0.5974955277280859],[64,16,0.5876288659793815],[64,18,0.6139240506329114],[64,20,0.5222222222222223]],[[128,0,0.34545454545454546],[128,2,0.3652173913043478],[128,4,0.254601226993865],[128,6,0.27906976744186046],[128,8,0.29605263157894735],[128,10,0.26887791107974596],[128,12,0.2892733564013841],[128,14,0.2930591259640103],[128,16,0.2991913746630728],[128,18,0.3164179104477612],[128,20,0.28901734104046245]],[[256,0,0],[256,2,0.00851063829787234],[256,4,0.003305785123966942],[256,6,0.005532503457814661],[256,8,0.003430531732418525],[256,10,0.003131524008350731],[256,12,0.005563282336578581],[256,14,0.0052677787532923615],[256,16,0.004470938897168405],[256,18,0.00558659217877095],[256,20,0.002932551319648094]]],"detailedLatency":[[[4,0,25.534],[4,2,26.198166666666665],[4,4,26.590333333333334],[4,6,25.79294117647059],[4,8,26.089448979591836],[4,10,25.90595918367347],[4,12,26.265382352941177],[4,14,26.008622222222222],[4,16,26.325411764705883],[4,18,26.17142857142857],[4,20,26.0266]],[[8,0,27.027333333333335],[8,2,26.691333333333333],[8,4,27.2691],[8,6,27.040509433962264],[8,8,26.877142857142857],[8,10,27.181808510638298],[8,12,27.15887356321839],[8,14,27.065597014925373],[8,16,26.896270833333332],[8,18,27.10084],[8,20,27.090666666666667]],[[16,0,55.0396],[16,2,37.157045454545454],[16,4,34.02472413793103],[16,6,35.64535135135135],[16,8,35.54646470588235],[16,10,34.5182183908046],[16,12,36.24863529411765],[16,14,36.752279411764704],[16,16,35.44242857142857],[16,18,36.272444444444446],[16,20,33.31433333333333]],[[32,0,71.13811111111112],[32,2,62.57118181818182],[32,4,66.47454545454545],[32,6,65.49960248447205],[32,8,69.12972289156626],[32,10,72.93598795180723],[32,12,66.80690883190883],[32,14,67.83389090909091],[32,16,73.13120689655173],[32,18,71.32502298850575],[32,20,64.95695744680852]],[[64,0,86.0128888888889],[64,2,94.94856666666666],[64,4,96.82232110091743],[64,6,98.39982027649769],[64,8,94.48901840490798],[64,10,97.92720506912443],[64,12,95.75596396396396],[64,14,97.10413473053892],[64,16,99.23295175438597],[64,18,96.06556701030928],[64,20,97.21595744680852]],[[128,0,109.99468421052632],[128,2,107.82916666666667],[128,4,104.6491686746988],[128,6,104.30778645833334],[128,8,106.61889166666667],[128,10,103.79702887139108],[128,12,105.42958133971293],[128,14,104.49149707602339],[128,16,104.34611261261261],[128,18,105.99383018867924],[128,20,103.80144]],[[256,0,0],[256,2,114.206],[256,4,100.001],[256,6,107.24775],[256,8,110.944375],[256,10,116.24533333333333],[256,12,112.1628125],[256,14,115.8075],[256,16,113.45366666666666],[256,18,121.159],[256,20,135.402]]]}