{
	"difficulty": "0xffffe",
	"gasLimit": 4721388,
	"throughput":[[1,1.7166666666666666],[2,4],[4,8],[8,11.8]],
    "generalLatency":[[1,49.344],[2,48.450],[4,33.391],[8,44.008]],
    "txCompeltion":[
      [[1,0,0],[1,2,0.6666666666666666],[1,4,0.8],[1,6,0.8461538461538461],[1,8,0.8888888888888888],[1,10,0.75],[1,12,0.9545454545454546], [1,14,0.9090909090909091],[1,16,0.8888888888888888],[1,18,1],[1,20,0]],
      [[2,0,null],[2,2,1],[2,4,1],[2,6,1],[2,8,1],[2,10,1],[2,12,1],[2,14,1],[2,16,1],[2,18,1],[2,20,1]],
      [[4,0,1],[4,2,1],[4,4,1],[4,6,1],[4,8,1],[4,10,1],[4,12,1],[4,14,1],[4,16,1],[4,18,1],[4,20,1]],
      [[8,0,0.75],[8,2,0.8],[8,4,0.6981132075471698],[8,6,0.8247422680412371],[8,8,0.7681159420289855],[8,10,0.7333333333333333],[8,12,0.7134831460674157],[8,14,0.7540983606557377],[8,16,0.6666666666666666],[8,18,0.7021276595744681],[8,20,0.7391304347826086]]
    ],
    "detailedLatency":[
      [[1,0,0],[1,2,47124],[1,4,49152.2],[1,6,49767.38461538462],[1,8,49310.11111111111],[1,10,49231.5],[1,12,49685.13636363636],[1,14,48502.09090909091],[1,16,49910],[1,18,49155.333333333336],[1,20,54138]],
      [[2,0,0],[2,2,50547.6],[2,4,48722],[2,6,47776.31578947369],[2,8,49068.07142857143],[2,10,48245.770833333336],[2,12,48580.93877551021],[2,14,48279.354838709674],[2,16,48153.642857142855],[2,18,46894.71428571428],[2,20,49329.9]],
      [[4,0,33068],[4,2,32259.625],[4,4,34557.6],[4,6,33360.91836734694],[4,8,33354.49382716049],[4,10,33856.0618556701],[4,12,33275.454545454544],[4,14,33325.47297297297],[4,16,33346.62162162162],[4,18,32106.7],[4,20,32699.875]],
      [[8,0,42668.75],[8,2,44486.1],[8,4,43680.20754716981],[8,6,44046.948453608245],[8,8,43422.47826086957],[8,10,43945.69743589743],[8,12,43798.77528089887],[8,14,44569.311475409835],[8,16,44716.01075268817],[8,18,44325.02127659575],[8,20,43835.17391304348]]
	]
}