{
  "timestamp": 1560067254052,
	"difficulty": ["0x0", "0xfffff"],
	"blockGasLimit": [4712388, 2356194],
	"nodeCount": 4,
	"startUpType": "docker",
	"clientType": "Geth",
	"result": [
      {  "timestamp": 1560067254052,"difficulty":"0x0","gasLimit":4712388,"throughput":[[4,4],[8,8],[16,15.566666666666666],[32,27.316666666666666],[64,63.95],[128,74.08333333333333],[256,28.066666666666666]],"generalLatency":[[4,26.233733333333333],[8,26.914083333333334],[16,27.190437901498928],[32,32.30712812690665],[64,78.08327078446703],[128,106.03968143982003],[256,103.15409857482186]],"txCompeltion":[[[4,0,1],[4,2,1],[4,4,1],[4,6,1],[4,8,1],[4,10,1],[4,12,1],[4,14,1],[4,16,1],[4,18,1],[4,20,1]],[[8,0,1],[8,2,1],[8,4,1],[8,6,1],[8,8,1],[8,10,1],[8,12,1],[8,14,1],[8,16,1],[8,18,1],[8,20,1]],[[16,0,1],[16,2,1],[16,4,1],[16,6,0.9871794871794872],[16,8,0.9625],[16,10,0.9655172413793104],[16,12,1],[16,14,0.9712230215827338],[16,16,0.9425287356321839],[16,18,0.9318181818181818],[16,20,0.9615384615384616]],[[32,0,0.7142857142857143],[32,2,0.8064516129032258],[32,4,0.8108108108108109],[32,6,0.8817204301075269],[32,8,0.8604651162790697],[32,10,0.8547945205479452],[32,12,0.84593837535014],[32,14,0.8430034129692833],[32,16,0.8514285714285714],[32,18,0.8571428571428571],[32,20,0.9166666666666666]],[[64,0,1],[64,2,1],[64,4,1],[64,6,1],[64,8,0.9966499162479062],[64,10,0.9986206896551724],[64,12,1],[64,14,0.9982905982905983],[64,16,1],[64,18,1],[64,20,1]],[[128,0,0.5576923076923077],[128,2,0.6178861788617886],[128,4,0.5909090909090909],[128,6,0.5720221606648199],[128,8,0.5742832319721981],[128,10,0.5813793103448276],[128,12,0.5698324022346368],[128,14,0.5818639798488665],[128,16,0.5724431818181818],[128,18,0.5880681818181818],[128,20,0.631578947368421]],[[256,0,0.12244897959183673],[256,2,0.09917355371900827],[256,4,0.10191082802547771],[256,6,0.099214846538187],[256,8,0.10871478873239436],[256,10,0.11149947570779448],[256,12,0.1099476439790576],[256,14,0.12472647702407003],[256,16,0.11263537906137185],[256,18,0.10980966325036604],[256,20,0.08108108108108109]]],"detailedLatency":[[[4,0,28.035],[4,2,26.28575],[4,4,26.371833333333335],[4,6,26.61019230769231],[4,8,26.169533333333334],[4,10,26.079422222222224],[4,12,26.032],[4,14,26.34822857142857],[4,16,26.1803],[4,18,26.364833333333333],[4,20,26.196]],[[8,0,29.029],[8,2,26.76975],[8,4,27.0269],[8,6,26.912555555555556],[8,8,27.143223880597017],[8,10,27.09507317073171],[8,12,26.99206796116505],[8,14,26.64761111111111],[8,16,26.83579069767442],[8,18,26.605833333333333],[8,20,26.152533333333334]],[[16,0,27.76775],[16,2,27.261294117647058],[16,4,27.292863636363638],[16,6,27.361818181818183],[16,8,27.251097402597402],[16,10,27.201551020408164],[16,12,27.17829281767956],[16,14,27.127037037037038],[16,16,27.05901219512195],[16,18,26.99939024390244],[16,20,27.1458]],[[32,0,28.2188],[32,2,30.10092],[32,4,33.458416666666665],[32,6,32.46116463414634],[32,8,32.841544401544404],[32,10,32.15746153846154],[32,12,31.876228476821193],[32,14,32.28388259109312],[32,16,32.213838926174496],[32,18,32.17652777777778],[32,20,33.41431818181818]],[[64,0,76.94638461538462],[64,2,77.58841791044776],[64,4,76.60474683544304],[64,6,82.21371594202898],[64,8,77.58348907563025],[64,10,78.4729502762431],[64,12,78.24271662125341],[64,14,77.16492294520548],[64,16,78.29569142857143],[64,18,76.53602380952381],[64,20,72.16968604651163]],[[128,0,113.00972413793103],[128,2,106.99157894736842],[128,4,104.58696634615384],[128,6,105.67281113801452],[128,8,106.24719213313162],[128,10,104.78066073546856],[128,12,105.66529656862745],[128,14,107.37515584415584],[128,16,107.2399875930521],[128,18,106.0212850241546],[128,20,106.07609375]],[[256,0,102.81883333333333],[256,2,103.16120833333333],[256,4,103.0609375],[256,6,102.74525179856116],[256,8,102.89086234817813],[256,10,103.36144827586207],[256,12,103.00311607142856],[256,14,103.25917192982456],[256,16,103.41746153846154],[256,18,104.01578666666667],[256,20,102.4352962962963]]]},
      {  "timestamp": 1560067864077, "difficulty":"0xfffff","gasLimit":4712388,"throughput":[[4,3.1333333333333333],[8,5.6],[16,7.6],[32,5.066666666666666],[64,0.9666666666666667],[128,null],[256,null]],"generalLatency":[[4,108.88971808510638],[8,93.0637619047619],[16,94.83095175438596],[32,154.38011842105263],[64,179.15655172413793],[128,0],[256,0]],"txCompeltion":[[[4,0,1],[4,2,0.75],[4,4,0.5],[4,6,0.8235294117647058],[4,8,0.8571428571428571],[4,10,0.65],[4,12,0.7931034482758621],[4,14,0.8571428571428571],[4,16,0.8888888888888888],[4,18,0.7777777777777778],[4,20,0.5]],[[8,0,0.6666666666666666],[8,2,0.6666666666666666],[8,4,0.5789473684210527],[8,6,0.6607142857142857],[8,8,0.6818181818181818],[8,10,0.632183908045977],[8,12,0.7625],[8,14,0.7307692307692307],[8,16,0.75],[8,18,0.76],[8,20,0.8181818181818182]],[[16,0,0.8],[16,2,0.52],[16,4,0.38461538461538464],[16,6,0.4731182795698925],[16,8,0.5107913669064749],[16,10,0.48863636363636365],[16,12,0.45454545454545453],[16,14,0.42105263157894735],[16,16,0.5113636363636364],[16,18,0.5510204081632653],[16,20,0.4166666666666667]],[[32,0,0],[32,2,0.20512820512820512],[32,4,0.14444444444444443],[32,6,0.20418848167539266],[32,8,0.11594202898550725],[32,10,0.15846994535519127],[32,12,0.15402843601895735],[32,14,0.15354330708661418],[32,16,0.1464968152866242],[32,18,0.25333333333333335],[32,20,0.18181818181818182]],[[64,0,0],[64,2,0.015873015873015872],[64,4,0.030120481927710843],[64,6,0.0169971671388102],[64,8,0.0049504950495049506],[64,10,0.017333333333333333],[64,12,0.008862629246676515],[64,14,0.022413793103448276],[64,16,0.01837270341207349],[64,18,0.018518518518518517],[64,20,0.012658227848101266]],[[128,0,0],[128,2,0],[128,4,0],[128,6,0],[128,8,0],[128,10,0],[128,12,0],[128,14,0],[128,16,0],[128,18,0],[128,20,0]],[[256,0,0],[256,2,0],[256,4,0],[256,6,0],[256,8,0],[256,10,0],[256,12,0],[256,14,0],[256,16,0],[256,18,0],[256,20,0]]],"detailedLatency":[[[4,0,105.42766666666667],[4,2,116.10233333333333],[4,4,111.6115],[4,6,109.18407142857143],[4,8,108.02408333333334],[4,10,108.1025],[4,12,110.41369565217391],[4,14,106.64353333333334],[4,16,109.9790625],[4,18,107.39885714285714],[4,20,119.106]],[[8,0,88.5795],[8,2,101.464625],[8,4,89.2639090909091],[8,6,92.37989189189189],[8,8,90.996],[8,10,94.13803636363636],[8,12,93.69024590163934],[8,14,93.43705263157895],[8,16,92.78516666666667],[8,18,93.98263157894736],[8,20,91.19733333333333]],[[16,0,101.80825],[16,2,97.90884615384616],[16,4,94.87035],[16,6,94.49936363636364],[16,8,92.91242253521126],[16,10,95.2410465116279],[16,12,95.1180375],[16,14,94.71],[16,16,95.22853333333333],[16,18,95.95603703703704],[16,20,93.0675]],[[32,0,0],[32,2,152.85575],[32,4,152.024],[32,6,157.0533076923077],[32,8,154.5139375],[32,10,153.48243103448277],[32,12,154.70361538461538],[32,14,154.54082051282052],[32,16,152.88278260869566],[32,18,152.998],[32,20,156.849875]],[[64,0,0],[64,2,178.194],[64,4,179.187],[64,6,179.37466666666666],[64,8,179.48766666666666],[64,10,179.25623076923077],[64,12,179.19583333333333],[64,14,178.8076153846154],[64,16,179.34242857142857],[64,18,179.208],[64,20,179.214]],[[128,0,0],[128,2,0],[128,4,0],[128,6,0],[128,8,0],[128,10,0],[128,12,0],[128,14,0],[128,16,0],[128,18,0],[128,20,0]],[[256,0,0],[256,2,0],[256,4,0],[256,6,0],[256,8,0],[256,10,0],[256,12,0],[256,14,0],[256,16,0],[256,18,0],[256,20,0]]]},
      {"timestamp": 1560068366934, "difficulty":"0x0","gasLimit":2356194,"throughput":[[4,4],[8,7.95],[16,15.516666666666667],[32,29.733333333333334],[64,37.916666666666664],[128,36.916666666666664],[256,1.1333333333333333]],"generalLatency":[[4,26.075420833333332],[8,27.067425576519916],[16,35.72221911922664],[32,69.05575280269058],[64,96.83245978021978],[128,105.03705688487585],[256,113.3119705882353]],