{"timestamp": 1560068978963, "difficulty":"0xfffff","gasLimit":2356194,"throughput":[[4,2.8666666666666667],[8,1.5666666666666667],[16,2.6],[32,3.25],[64,0.08333333333333333],[128,0],[256,0]],"generalLatency":[[4,75.12705232558139],[8,189.06188297872342],[16,124.12912179487179],[32,124.79589743589743],[64,208.4344],[128,0],[256,0]],"txCompeltion":[[[4,0,0],[4,2,0.6666666666666666],[4,4,0.9230769230769231],[4,6,0.6666666666666666],[4,8,0.6944444444444444],[4,10,0.7017543859649122],[4,12,0.7346938775510204],[4,14,0.75],[4,16,0.7272727272727273],[4,18,0.6428571428571429],[4,20,0.5]],[[8,0,0],[8,2,0],[8,4,0.3],[8,6,0.2564102564102564],[8,8,0.1016949152542373],[8,10,0.20618556701030927],[8,12,0.21153846153846154],[8,14,0.25],[8,16,0.05],[8,18,0.2727272727272727],[8,20,0.2]],[[16,0,0.18181818181818182],[16,2,0.3125],[16,4,0.21052631578947367],[16,6,0.1702127659574468],[16,8,0.16447368421052633],[16,10,0.17277486910994763],[16,12,0.1497005988023952],[16,14,0.1323529411764706],[16,16,0.14444444444444443],[16,18,0.15555555555555556],[16,20,0.19047619047619047]],[[32,0,0.07142857142857142],[32,2,0.041666666666666664],[32,4,0.05747126436781609],[32,6,0.09550561797752809],[32,8,0.10283687943262411],[32,10,0.09375],[32,12,0.12737127371273713],[32,14,0.09688581314878893],[32,16,0.11702127659574468],[32,18,0.07142857142857142],[32,20,0.125]],[[64,0,0],[64,2,0],[64,4,0],[64,6,0],[64,8,0.0034662045060658577],[64,10,0.0013850415512465374],[64,12,0],[64,14,0.0017421602787456446],[64,16,0.0028011204481792717],[64,18,0],[64,20,0]],[[128,0,0],[128,2,0],[128,4,0],[128,6,0],[128,8,0],[128,10,0],[128,12,0],[128,14,0],[128,16,0],[128,18,0],[128,20,0]],[[256,0,0],[256,2,0],[256,4,0],[256,6,0],[256,8,0],[256,10,0],[256,12,0],[256,14,0],[256,16,0],[256,18,0],[256,20,0]]],"detailedLatency":[[[4,0,0],[4,2,67.315],[4,4,78.40925],[4,6,73.24116666666667],[4,8,74.1148],[4,10,73.199025],[4,12,77.68752777777777],[4,14,74.65729166666667],[4,16,72.321375],[4,18,79.30011111111111],[4,20,85.5795]],[[8,0,0],[8,2,0],[8,4,190.9745],[8,6,187.9369],[8,8,188.46916666666667],[8,10,188.9376],[8,12,188.72681818181817],[8,14,189.27819047619047],[8,16,190.1415],[8,18,190.29833333333335],[8,20,188.129]],[[16,0,128.5625],[16,2,126.4756],[16,4,122.83025],[16,6,121.821625],[16,8,125.07916],[16,10,127.32339393939394],[16,12,121.91528],[16,14,122.80322222222222],[16,16,126.7673076923077],[16,18,118.50542857142857],[16,20,119.587]],[[32,0,123.058],[32,2,113.05],[32,4,123.2782],[32,6,126.253],[32,8,128.418],[32,10,124.25872727272727],[32,12,123.10168085106383],[32,14,129.29939285714286],[32,16,119.07609090909091],[32,18,122.50185714285715],[32,20,125.6782]],[[64,0,0],[64,2,0],[64,4,0],[64,6,0],[64,8,208.757],[64,10,208.253],[64,12,208.128],[64,14,208.215],[64,16,208.19],[64,18,0],[64,20,0]],[[128,0,0],[128,2,0],[128,4,0],[128,6,0],[128,8,0],[128,10,0],[128,12,0],[128,14,0],[128,16,0],[128,18,0],[128,20,0]],[[256,0,0],[256,2,0],[256,4,0],[256,6,0],[256,8,0],[256,10,0],[256,12,0],[256,14,0],[256,16,0],[256,18,0],[256,20,0]]]}