{  "timestamp": 1560067864077, "difficulty":"0xfffff","gasLimit":4712388,"throughput":[[4,3.1333333333333333],[8,5.6],[16,7.6],[32,5.066666666666666],[64,0.9666666666666667],[128,0],[256,0]],"generalLatency":[[4,108.88971808510638],[8,93.0637619047619],[16,94.83095175438596],[32,154.38011842105263],[64,179.15655172413793],[128,0],[256,0]],"txCompeltion":[[[4,0,1],[4,2,0.75],[4,4,0.5],[4,6,0.8235294117647058],[4,8,0.8571428571428571],[4,10,0.65],[4,12,0.7931034482758621],[4,14,0.8571428571428571],[4,16,0.8888888888888888],[4,18,0.7777777777777778],[4,20,0.5]],[[8,0,0.6666666666666666],[8,2,0.6666666666666666],[8,4,0.5789473684210527],[8,6,0.6607142857142857],[8,8,0.6818181818181818],[8,10,0.632183908045977],[8,12,0.7625],[8,14,0.7307692307692307],[8,16,0.75],[8,18,0.76],[8,20,0.8181818181818182]],[[16,0,0.8],[16,2,0.52],[16,4,0.38461538461538464],[16,6,0.4731182795698925],[16,8,0.5107913669064749],[16,10,0.48863636363636365],[16,12,0.45454545454545453],[16,14,0.42105263157894735],[16,16,0.5113636363636364],[16,18,0.5510204081632653],[16,20,0.4166666666666667]],[[32,0,0],[32,2,0.20512820512820512],[32,4,0.14444444444444443],[32,6,0.20418848167539266],[32,8,0.11594202898550725],[32,10,0.15846994535519127],[32,12,0.15402843601895735],[32,14,0.15354330708661418],[32,16,0.1464968152866242],[32,18,0.25333333333333335],[32,20,0.18181818181818182]],[[64,0,0],[64,2,0.015873015873015872],[64,4,0.030120481927710843],[64,6,0.0169971671388102],[64,8,0.0049504950495049506],[64,10,0.017333333333333333],[64,12,0.008862629246676515],[64,14,0.022413793103448276],[64,16,0.01837270341207349],[64,18,0.018518518518518517],[64,20,0.012658227848101266]],[[128,0,0],[128,2,0],[128,4,0],[128,6,0],[128,8,0],[128,10,0],[128,12,0],[128,14,0],[128,16,0],[128,18,0],[128,20,0]],[[256,0,0],[256,2,0],[256,4,0],[256,6,0],[256,8,0],[256,10,0],[256,12,0],[256,14,0],[256,16,0],[256,18,0],[256,20,0]]],"detailedLatency":[[[4,0,105.42766666666667],[4,2,116.10233333333333],[4,4,111.6115],[4,6,109.18407142857143],[4,8,108.02408333333334],[4,10,108.1025],[4,12,110.41369565217391],[4,14,106.64353333333334],[4,16,109.9790625],[4,18,107.39885714285714],[4,20,119.106]],[[8,0,88.5795],[8,2,101.464625],[8,4,89.2639090909091],[8,6,92.37989189189189],[8,8,90.996],[8,10,94.13803636363636],[8,12,93.69024590163934],[8,14,93.43705263157895],[8,16,92.78516666666667],[8,18,93.98263157894736],[8,20,91.19733333333333]],[[16,0,101.80825],[16,2,97.90884615384616],[16,4,94.87035],[16,6,94.49936363636364],[16,8,92.91242253521126],[16,10,95.2410465116279],[16,12,95.1180375],[16,14,94.71],[16,16,95.22853333333333],[16,18,95.95603703703704],[16,20,93.0675]],[[32,0,0],[32,2,152.85575],[32,4,152.024],[32,6,157.0533076923077],[32,8,154.5139375],[32,10,153.48243103448277],[32,12,154.70361538461538],[32,14,154.54082051282052],[32,16,152.88278260869566],[32,18,152.998],[32,20,156.849875]],[[64,0,0],[64,2,178.194],[64,4,179.187],[64,6,179.37466666666666],[64,8,179.48766666666666],[64,10,179.25623076923077],[64,12,179.19583333333333],[64,14,178.8076153846154],[64,16,179.34242857142857],[64,18,179.208],[64,20,179.214]],[[128,0,0],[128,2,0],[128,4,0],[128,6,0],[128,8,0],[128,10,0],[128,12,0],[128,14,0],[128,16,0],[128,18,0],[128,20,0]],[[256,0,0],[256,2,0],[256,4,0],[256,6,0],[256,8,0],[256,10,0],[256,12,0],[256,14,0],[256,16,0],[256,18,0],[256,20,0]]]}