{  "timestamp": 1560067254052,"difficulty":"0x0","gasLimit":4712388,"throughput":[[4,4],[8,8],[16,15.566666666666666],[32,27.316666666666666],[64,63.95],[128,74.08333333333333],[256,28.066666666666666]],"generalLatency":[[4,26.233733333333333],[8,26.914083333333334],[16,27.190437901498928],[32,32.30712812690665],[64,78.08327078446703],[128,106.03968143982003],[256,103.15409857482186]],"txCompeltion":[[[4,0,1],[4,2,1],[4,4,1],[4,6,1],[4,8,1],[4,10,1],[4,12,1],[4,14,1],[4,16,1],[4,18,1],[4,20,1]],[[8,0,1],[8,2,1],[8,4,1],[8,6,1],[8,8,1],[8,10,1],[8,12,1],[8,14,1],[8,16,1],[8,18,1],[8,20,1]],[[16,0,1],[16,2,1],[16,4,1],[16,6,0.9871794871794872],[16,8,0.9625],[16,10,0.9655172413793104],[16,12,1],[16,14,0.9712230215827338],[16,16,0.9425287356321839],[16,18,0.9318181818181818],[16,20,0.9615384615384616]],[[32,0,0.7142857142857143],[32,2,0.8064516129032258],[32,4,0.8108108108108109],[32,6,0.8817204301075269],[32,8,0.8604651162790697],[32,10,0.8547945205479452],[32,12,0.84593837535014],[32,14,0.8430034129692833],[32,16,0.8514285714285714],[32,18,0.8571428571428571],[32,20,0.9166666666666666]],[[64,0,1],[64,2,1],[64,4,1],[64,6,1],[64,8,0.9966499162479062],[64,10,0.9986206896551724],[64,12,1],[64,14,0.9982905982905983],[64,16,1],[64,18,1],[64,20,1]],[[128,0,0.5576923076923077],[128,2,0.6178861788617886],[128,4,0.5909090909090909],[128,6,0.5720221606648199],[128,8,0.5742832319721981],[128,10,0.5813793103448276],[128,12,0.5698324022346368],[128,14,0.5818639798488665],[128,16,0.5724431818181818],[128,18,0.5880681818181818],[128,20,0.631578947368421]],[[256,0,0.12244897959183673],[256,2,0.09917355371900827],[256,4,0.10191082802547771],[256,6,0.099214846538187],[256,8,0.10871478873239436],[256,10,0.11149947570779448],[256,12,0.1099476439790576],[256,14,0.12472647702407003],[256,16,0.11263537906137185],[256,18,0.10980966325036604],[256,20,0.08108108108108109]]],"detailedLatency":[[[4,0,28.035],[4,2,26.28575],[4,4,26.371833333333335],[4,6,26.61019230769231],[4,8,26.169533333333334],[4,10,26.079422222222224],[4,12,26.032],[4,14,26.34822857142857],[4,16,26.1803],[4,18,26.364833333333333],[4,20,26.196]],[[8,0,29.029],[8,2,26.76975],[8,4,27.0269],[8,6,26.912555555555556],[8,8,27.143223880597017],[8,10,27.09507317073171],[8,12,26.99206796116505],[8,14,26.64761111111111],[8,16,26.83579069767442],[8,18,26.605833333333333],[8,20,26.152533333333334]],[[16,0,27.76775],[16,2,27.261294117647058],[16,4,27.292863636363638],[16,6,27.361818181818183],[16,8,27.251097402597402],[16,10,27.201551020408164],[16,12,27.17829281767956],[16,14,27.127037037037038],[16,16,27.05901219512195],[16,18,26.99939024390244],[16,20,27.1458]],[[32,0,28.2188],[32,2,30.10092],[32,4,33.458416666666665],[32,6,32.46116463414634],[32,8,32.841544401544404],[32,10,32.15746153846154],[32,12,31.876228476821193],[32,14,32.28388259109312],[32,16,32.213838926174496],[32,18,32.17652777777778],[32,20,33.41431818181818]],[[64,0,76.94638461538462],[64,2,77.58841791044776],[64,4,76.60474683544304],[64,6,82.21371594202898],[64,8,77.58348907563025],[64,10,78.4729502762431],[64,12,78.24271662125341],[64,14,77.16492294520548],[64,16,78.29569142857143],[64,18,76.53602380952381],[64,20,72.16968604651163]],[[128,0,113.00972413793103],[128,2,106.99157894736842],[128,4,104.58696634615384],[128,6,105.67281113801452],[128,8,106.24719213313162],[128,10,104.78066073546856],[128,12,105.66529656862745],[128,14,107.37515584415584],[128,16,107.2399875930521],[128,18,106.0212850241546],[128,20,106.07609375]],[[256,0,102.81883333333333],[256,2,103.16120833333333],[256,4,103.0609375],[256,6,102.74525179856116],[256,8,102.89086234817813],[256,10,103.36144827586207],[256,12,103.00311607142856],[256,14,103.25917192982456],[256,16,103.41746153846154],[256,18,104.01578666666667],[256,20,102.4352962962963]]]}