{
	"difficulty": "0xffffd",
	"gasLimit": 4721388,
    "timestamp":48,
	"throughput":[[1,1.7166666666666666],[2,4],[4,8],[8,11.8]],
    "generalLatency":[[1,49.344],[2,48.450],[4,33.391],[8,44.008]],
    "txCompeltion":[
      [[1,0,0],[1,2,0.6666666666666666],[1,4,0.8],[1,6,0.8461538461538461],[1,8,0.8888888888888888],[1,10,0.75],[1,12,0.9545454545454546], [1,14,0.9090909090909091],[1,16,0.8888888888888888],[1,18,1],[1,20,0]],
      [[2,0,null],[2,2,1],[2,4,1],[2,6,1],[2,8,1],[2,10,1],[2,12,1],[2,14,1],[2,16,1],[2,18,1],[2,20,1]],
      [[4,0,1],[4,2,1],[4,4,1],[4,6,1],[4,8,1],[4,10,1],[4,12,1],[4,14,1],[4,16,1],[4,18,1],[4,20,1]],
      [[8,0,0.75],[8,2,0.8],[8,4,0.6981132075471698],[8,6,0.8247422680412371],[8,8,0.7681159420289855],[8,10,0.7333333333333333],[8,12,0.7134831460674157],[8,14,0.7540983606557377],[8,16,0.6666666666666666],[8,18,0.7021276595744681],[8,20,0.7391304347826086]]
    ],
    "detailedLatency":[
       [[1,0,0],[1,2,47.124],[1,4,49.152],[1,6,49.76738461538462],[1,8,49.31011111111111],[1,10,49.2315],[1,12,49.68513636363636],[1,14,48.5029090909091],[1,16,49.910],[1,18,49.155333333333336],[1,20,54.138]],
      [[2,0,0],[2,2,47.124],[2,4,49.152],[2,6,49.76738461538462],[2,8,49.31011111111111],[2,10,49.2315],[2,12,49.68513636363636],[2,14,48.5029090909091],[2,16,49.910],[2,18,49.155333333333336],[2,20,54.138]],
      [[4,0,33.068],[4,2,32.2625],[4,4,39.6],[4,6,33.836734694],[4,8,33.9382716049],[4,10,33.0618556701],[4,12,33.54545454544],[4,14,33.32547297297297],[4,16,33.34662162],[4,18,32.7],[4,20,32.69875]],
      [[8,0,42.75],[8,2,44.1],[8,4,43.20754716981],[8,6,46.948453608245],[8,8,42.47826086957],[8,10,45.69743589743],[8,12,48.77528089887],[8,14,49.311475409835],[8,16,44.01075268817],[8,18,44.02127659575],[8,20,43.17391304348]]
	]
}